{
  "code": "Ok",
  "distances": [[2694.2, 0]],
  "destinations": [
    { "distance": 4.193926417, "name": "", "location": [77.21937, 28.631365] },
    { "distance": 6.466676753, "name": "", "location": [77.229226, 28.612778] }
  ],
  "durations": [[1947.5, 0]],
  "sources": [
    { "distance": 6.466676753, "name": "", "location": [77.229226, 28.612778] }
  ]
}
